,Address,Borough,Geocode,Node
0,"540 West 145th Street, New York City",Manhattan,"(40.8260052, -73.949854)",561035361
56,"145 & 147 Madison Ave, New York City",Manhattan,"(40.74619633333333, -73.983977)",3252586222
57,"165 Madison Avenue, New York City",Manhattan,"(40.746812750000004, -73.98327882871746)",42445903
58,"191 Madison Avenue, New York City",Manhattan,"(40.74802628571428, -73.98264385714285)",4960503208
59,"199 Madison Avenue, New York City",Manhattan,"(40.7482878, -73.9824103)",4960503208
60,"227 Madison Avenue, New York City",Manhattan,"(40.7598067, -73.9741741)",3977886242
88,"175 East 96th Street, New York City",Manhattan,"(40.785616, -73.9498645)",7325349531
91,"201 West 106th Street, New York City",Manhattan,"(40.8006923, -73.9659254)",4205830395
94,"1020 Third Avenue, New York City",Manhattan,"(40.812824, -73.923829)",7477281986
99,"209 West 96th Street, New York City",Manhattan,"(40.7946572, -73.97102558044648)",4205805396
100,"411 Grand Street, New York City",Manhattan,"(40.711920199999994, -73.95384408072891)",3630219671
101,"411 Grand Street, New York City",Manhattan,"(40.711920199999994, -73.95384408072891)",3630219671
102,"109 West Houston Street, New York City",Manhattan,"(40.72743495, -74.00073330000001)",5829880525
106,"163 West 97th Street, New York City",Manhattan,"(40.7945587, -73.9687567)",5669156315
107,"163 West 97th Street, New York City",Manhattan,"(40.7945587, -73.9687567)",5669156315
115,"90 Bennett Avenue, New York City",Manhattan,"(40.8531163, -73.9355226)",42445689
118,"4961 Broadway, New York City",Manhattan,"(40.8681188, -73.9204207)",5071822867
122,"111 West 71st Street, New York City",Manhattan,"(40.77706815, -73.97959553350846)",42437384
123,"111 West 71st Street, New York City",Manhattan,"(40.77706815, -73.97959553350846)",42437384
135,"437 Lenox Avenue, New York City",Manhattan,"(40.812104142857144, -73.94244528571429)",3099326124
136,"448 Lenox Avenue, New York City",Manhattan,"(40.8123399, -73.9417629)",4207724583
137,"55 Lenox Avenue, New York City",Manhattan,"(40.8000674, -73.951543713737)",3099326117
138,"175 Varick Street, New York City",Manhattan,"(40.7272907, -74.0057436)",42439345
139,"175 Varick Street, New York City",Manhattan,"(40.7272907, -74.0057436)",42439345
140,"160 Varick Street, New York City",Manhattan,"(40.7265969, -74.00541)",3252582132
141,"160 Varick Street, New York City",Manhattan,"(40.7265969, -74.00541)",3252582132
142,"431 Canal Street, New York City",Manhattan,"(40.7232317, -74.0069711)",4142105803
143,"431 Canal Street, New York City",Manhattan,"(40.7232317, -74.0069711)",4142105803
144,"304 Hudson Street, New York City",Manhattan,"(40.7264039, -74.0072925)",42436359
146,"103 Charlton Street, New York City",Manhattan,"(40.7275353, -74.0081354)",42436097
147,"103 Charlton Street, New York City",Manhattan,"(40.7275353, -74.0081354)",42436097
148,"345 Hudson Street, New York City",Manhattan,"(40.7274727, -74.0074855)",42436364
149,"345 Hudson Street, New York City",Manhattan,"(40.7274727, -74.0074855)",42436364
167,"155 Water Street, New York City",Manhattan,"(40.706224, -74.00574533333332)",7138157351
168,"160 Water Street, New York City",Manhattan,"(40.7066256, -74.0056309)",1772140794
169,"172 Water Street, New York City",Manhattan,"(40.7066542173913, -74.0054492173913)",7139624398
170,"95 Fulton Street, New York City",Manhattan,"(40.7093963, -74.0059139)",4985377328
171,"86 Trinity Place, New York City",Manhattan,"(40.7087107, -74.0126127206991)",4739552801
172,"2 Rector Street, New York City",Manhattan,"(40.7079883, -74.0134495)",4207000390
173,"80 Greenwich Street, New York City",Manhattan,"(40.7072487, -74.0140632)",4149936244
174,"80 Greenwich Street, New York City",Manhattan,"(40.7072487, -74.0140632)",4149936244
175,"94 Greenwich Street, New York City",Manhattan,"(40.7080741, -74.0136854)",4207000393
176,"110 Greenwich Street, New York City",Manhattan,"(40.7086724, -74.0134276)",42436184
182,"356 Madison Street, New York City",Manhattan,"(40.7132677, -73.9819109)",42437775
183,"334 Madison Street, New York City",Manhattan,"(40.7130611, -73.9827774)",4501160115
213,"1437 2nd Avenue, New York City",Manhattan,"(40.7706873, -73.9572211)",42430068
214,"1721 1st Avenue, New York City",Manhattan,"(40.7790758, -73.9480038)",7140667645
225,"122 Henry Street, New York City",Manhattan,"(40.71282909999999, -73.99194531122413)",6330018917
226,"260 West 23rd Street, New York City",Manhattan,"(40.74462755, -73.99809410901324)",4205565533
229,"Lexington Avenue & East 118th Street, New York City",Manhattan,"(40.800113, -73.940607)",42439489
232,"303 Park Avenue South, New York City",Manhattan,"(40.7402689, -73.986028)",5266429281
233,"302 3rd Avenue, New York City",Manhattan,"(40.6769363, -73.9868702850592)",5956060042
234,"240 First Avenue, New York City",Manhattan,"(40.731681, -73.981837)",4298757084
235,"39 Third Avenue, New York City",Manhattan,"(40.812824, -73.923829)",7477281986
236,"149 East 23rd Street, New York City",Manhattan,"(40.73919380769231, -73.98378603846153)",5266429278
249,"133 Morningside Avenue, New York City",Manhattan,"(40.8108915, -73.9535166)",4207752452
250,"125 West 125th Street, New York City",Manhattan,"(40.808619, -73.9468979)",5266458358
251,"2319 Frederick Douglass Boulevard, New York City",Manhattan,"(40.8099353, -73.9516149)",5266458369
263,"136 & 138 Dyckman Street, New York City",Manhattan,"(40.862657, -73.925542)",7133975914
265,"2401 Adam Clayton Powell Jr. Blvd, New York City",Manhattan,"(40.8184819, -73.941051)",2141026520
266,"165 & 167 East 125th Street, New York City",Manhattan,"(40.80411739393939, -73.93658545454545)",4215812466
267,"2009-2011 Lexington Avenue, New York City",Manhattan,"(40.802676999999996, -73.938535)",42445189
268,"2212 Third Avenue, New York City",Manhattan,"(40.812824, -73.923829)",7477281986
269,"1940 Lexington Avenue, New York City",Manhattan,"(40.80099055, -73.94026215657314)",42435230
270,"1890 Lexington Avenue, New York City",Manhattan,"(40.7998009, -73.9409372)",42439489
271,"2167 3rd Avenue, New York City",Manhattan,"(40.7992833, -73.9388165)",42439490
272,"318 Pleasant Avenue, New York City",Manhattan,"(40.79550485, -73.93241955504263)",6216836421
273,"125 East 116thStreet, New York City",Manhattan,"(40.799129, -73.941801)",42447199
274,"2261 First Avenue, New York City",Manhattan,"(42.782176020408166, -73.92987102040817)",42735471
275,"421-435 East 116th Street, New York City",Manhattan,"(40.795961, -73.934174)",5482321446
276,"421-435 East 116th Street, New York City",Manhattan,"(40.795961, -73.934174)",5482321446
277,"1660 Madison Avenue, New York City",Manhattan,"(40.7965898, -73.94761002770832)",6961054478
278,"1738 - 1740 Lexington Avenue, New York City",Manhattan,"(40.7939192, -73.94518000000001)",5481998073
279,"1738 - 1740 Lexington Avenue, New York City",Manhattan,"(40.7939192, -73.94518000000001)",5481998073
280,"127 East 107th Street, New York City",Manhattan,"(40.7933126, -73.946299)",5481998093
281,"127 East 107th Street, New York City",Manhattan,"(40.7933126, -73.946299)",5481998093
282,"2309 Third Avenue, New York City",Manhattan,"(40.812824, -73.923829)",7477281986
283,"108 East 125th Street, New York City",Manhattan,"(40.80488250943396, -73.93884547169812)",42444456
284,"2253 Third Avenue, New York City",Manhattan,"(40.812824, -73.923829)",7477281986
285,"455 East 116th Street, New York City",Manhattan,"(40.7952797, -73.9332894)",6216836416
286,"2182 First Avenue, New York City",Manhattan,"(42.8021386, -73.9528461)",42735471
287,"1989 Third Avenue, New York City",Manhattan,"(40.812824, -73.923829)",7477281986
288,"808 Columbus Avenue, New York City",Manhattan,"(40.7946572, -73.9666786524559)",6883962735
289,"775 Columbus Avenue, New York City",Manhattan,"(40.793795149999994, -73.96646875162982)",7120513205
290,"819 Columbus Avenue, New York City",Manhattan,"(40.7763737, -73.9795719)",4207884929
291,"830-832 Amsterdam Avenue, New York City",Manhattan,"(40.8004313, -73.9657046)",42421741
292,"65 West 96th Street, New York City",Manhattan,"(40.7929079, -73.9670453)",7066598474
293,"690 Amsterdam Avenue, New York City",Manhattan,"(40.7924914, -73.9717851)",6867294474
294,"541 Amsterdam Avenue, New York City",Manhattan,"(40.787956, -73.9745549)",42434160
295,"506 Amsterdam Avenue, New York City",Manhattan,"(40.7868006, -73.97600882111801)",6207264904
296,"504 Columbus Avenue, New York City",Manhattan,"(40.7763737, -73.9795719)",4207884929
297,"127 West 83rd Street, New York City",Manhattan,"(40.78516875, -73.9745779851913)",42437300
298,"127 Amsterdam Avenue, New York City",Manhattan,"(40.774257, -73.984582)",7050687052
326,"141 West 73rd Street, New York City",Manhattan,"(40.77893605, -73.97980377816265)",5115917332
327,"108 West 24th Street, New York City",Manhattan,"(40.74363625, -73.99309406215008)",42427423
328,"656 6th Avenue, New York City",Manhattan,"(40.741181850000004, -73.99373720689655)",42427371
330,"180 10th Avenue, New York City",Manhattan,"(40.8635998, -73.9195831)",5890982665
339,"617 Second Avenue, New York City",Manhattan,"(40.744852, -73.976229)",3932847281
340,"1350 1st Avenue, New York City",Manhattan,"(40.7491699, -73.9695067)",6162215869
341,"540 West 21st Street, New York City",Manhattan,"(40.74698645, -74.00705641261408)",3874653364
344,"150 East 86th Street, New York City",Manhattan,"(40.7791885, -73.9553419)",5402547523
367,"East Houston and Bowery, New York City",Manhattan,"(40.724333, -73.992682)",5829779500
368,"74 Trinity Place, New York City",Manhattan,"(40.7083423, -74.0127623)",4739552805
404,"654 10th Avenue, New York City",Manhattan,"(40.76221, -73.9933754)",42455761
408,"400 West 23rd Street, New York City",Manhattan,"(40.7464633, -74.001667)",42437909
414,"298 7th Avenue, New York City",Manhattan,"(40.6680147, -73.98093431231882)",5956060042
429,"8-12 West 14th Street, New York City",Manhattan,"(40.73607025, -73.99399468749999)",42440710
433,"3424 Broadway, New York City",Manhattan,"(40.8226669, -73.9528891)",561035355
434,"695 Saint Nicholas Avenue, New York City",Manhattan,"(40.8238979, -73.9450549)",2562438696
441,"540 Lenox Avenue, New York City",Manhattan,"(40.8154954, -73.9392632)",42440371
442,"2730 Frederick Douglass Boulevard, New York City",Manhattan,"(40.8229311, -73.9416342)",42434249
443,"2121 Fifth Avenue, New York City",Manhattan,"(42.7976632, -73.9527343)",42735471
444,"2121 Fifth Avenue, New York City",Manhattan,"(42.7976632, -73.9527343)",42735471
447,"568 6th Avenue, New York City",Manhattan,"(40.738435, -73.9958313)",42430257
448,"610 6th Avenue, New York City",Manhattan,"(40.66212921052632, -73.98920021052632)",166878947
474,"645 10th Avenue, New York City",Manhattan,"(40.7620639, -73.9939254)",42455761
475,"665 10th avenue, New York City",Manhattan,"(40.7627496, -73.99352775557644)",42452365
494,"West 36th Street between 9th Avenue &
Dyer Avenue, New York City",Manhattan,"(40.754906, -73.996792)",42434429
495,"West 36th Street between 9th Avenue &
Dyer Avenue, New York City",Manhattan,"(40.754906, -73.996792)",42434429
496,"53 West 23rd Street, New York City",Manhattan,"(40.7425665, -73.9916148)",3859048179
497,"209 West 23rd Street, New York City",Manhattan,"(40.7445321, -73.99594498958446)",4205565530
498,"214 West 96th Street, New York City",Manhattan,"(40.7943614, -73.9714828)",7061276938
519,"313 Columbus Avenue, New York City",Manhattan,"(40.7791588, -73.9772942)",3718672433
520,"430 Columbus Avenue, New York City",Manhattan,"(40.783185599999996, -73.97502489048338)",4284246575
521,"408 Columbus Avenue, New York City",Manhattan,"(40.7822171, -73.9755542)",42443347
522,"408 Columbus Avenue, New York City",Manhattan,"(40.7822171, -73.9755542)",42443347
523,"338 Columbus Avenue, New York City",Manhattan,"(40.7799768, -73.9771961)",42443346
526,"100 West 77th Street, New York City",Manhattan,"(40.78088124999999, -73.97819027662338)",1989096601
527,"100 West 77th Street, New York City",Manhattan,"(40.78088124999999, -73.97819027662338)",1989096601
528,"100 West 77th Street, New York City",Manhattan,"(40.78088124999999, -73.97819027662338)",1989096601
529,"100 West 77th Street, New York City",Manhattan,"(40.78088124999999, -73.97819027662338)",1989096601
530,"100 West 77th Street, New York City",Manhattan,"(40.78088124999999, -73.97819027662338)",1989096601
531,"100 West 77th Street, New York City",Manhattan,"(40.78088124999999, -73.97819027662338)",1989096601
532,"30 West Broadway, New York City",Manhattan,"(40.7135914375, -74.01064840625)",42430007
533,"30 West Broadway, New York City",Manhattan,"(40.7135914375, -74.01064840625)",42430007
534,"30 West Broadway, New York City",Manhattan,"(40.7135914375, -74.01064840625)",42430007
535,"30 West Broadway, New York City",Manhattan,"(40.7135914375, -74.01064840625)",42430007
536,"30 West Broadway, New York City",Manhattan,"(40.7135914375, -74.01064840625)",42430007
539,"3664 Broadway, New York City",Manhattan,"(40.8303785, -73.9472433)",561035367
545,"2880 & 2882 Broadway, New York City",Manhattan,"(40.8484382, -73.9376339)",595473330
549,"1175 Madison Avenue, New York City",Manhattan,"(40.7809978, -73.9585211)",3392519870
561,"1941 Broadway, New York City",Manhattan,"(40.77269526923077, -73.98208307692308)",6173564344
570,"4953 Broadway, New York City",Manhattan,"(40.8484382, -73.9376339)",595473330
581,"155 & 157 Avenue C, New York City",Manhattan,"(40.725670375, -73.97781475000001)",42430938
583,"255 Greenwich Street, New York City",Manhattan,"(40.7145279, -74.0112651)",4143763628
584,"255 Greenwich Street, New York City",Manhattan,"(40.7145279, -74.0112651)",4143763628
585,"255 Greenwich Street, New York City",Manhattan,"(40.7145279, -74.0112651)",4143763628
586,"255 Greenwich Street, New York City",Manhattan,"(40.7145279, -74.0112651)",4143763628
587,"255 Greenwich Street, New York City",Manhattan,"(40.7145279, -74.0112651)",4143763628
588,"255 Greenwich Street, New York City",Manhattan,"(40.7145279, -74.0112651)",4143763628
589,"255 Greenwich Street, New York City",Manhattan,"(40.7145279, -74.0112651)",4143763628
590,"217 Broadway, New York City",Manhattan,"(40.71175625, -74.0088491967118)",4878838729
591,"101 Barclay, New York City",Manhattan,"(40.7142698, -74.0126135)",4143838197
592,"101 Barclay, New York City",Manhattan,"(40.7142698, -74.0126135)",4143838197
593,"250 Dyckman Street, New York City",Manhattan,"(40.8663299, -73.9285568)",5490791119
594,"250 Dyckman Street, New York City",Manhattan,"(40.8663299, -73.9285568)",5490791119
598,"213 Pinehurst Avenue, New York City",Manhattan,"(40.8551761, -73.9377454)",1763612255
608,"2167 Frederick Douglass Boulevard, New York City",Manhattan,"(40.8049414, -73.955275)",42435766
611,"154 West 93rd Street, New York City",Manhattan,"(40.7914827, -73.97085620960587)",42442514
612,"154 West 93rd Street, New York City",Manhattan,"(40.7914827, -73.97085620960587)",42442514
620,"1616 Amsterdam Avenue, New York City",Manhattan,"(40.8004313, -73.9657046)",42421741
621,"1616 Amsterdam Avenue, New York City",Manhattan,"(40.8004313, -73.9657046)",42421741
623,"York Avenue between E70th & E71st
Street, New York City",Manhattan,"(40.765892, -73.954634)",7136749262
624,"York Avenue between E70th & E71st
Street, New York City",Manhattan,"(40.765892, -73.954634)",7136749262
628,"201 Amsterdam Avenue, New York City",Manhattan,"(40.7767908, -73.9827343)",7050687011
629,"401 East 86th Street, New York City",Manhattan,"(40.7769608, -73.9490288)",5401397593
630,"1625 York Avenue, New York City",Manhattan,"(40.7757129, -73.9475138)",42428037
643,"157 & 161 Varick Street, New York City",Manhattan,"(40.726567, -74.005746)",3252582134
649,"201 9th Avenue, New York City",Manhattan,"(40.746102571428565, -74.001734)",42434279
654,"95 Wall Street, New York City",Manhattan,"(40.7047056, -74.00756981131559)",6139477279
655,"95 Wall Street, New York City",Manhattan,"(40.7047056, -74.00756981131559)",6139477279
656,"95 Wall Street, New York City",Manhattan,"(40.7047056, -74.00756981131559)",6139477279
657,"88 Pine Street, New York City",Manhattan,"(40.684452300000004, -73.87371667742364)",3630219671
658,"200 Water Street, New York City",Manhattan,"(40.707420299999995, -74.00476445538396)",6859553507
659,"80 Pine Street, New York City",Manhattan,"(40.7063803, -74.0067692828482)",7138157350
660,"10 Hanover Square, New York City",Manhattan,"(40.70446055, -74.00885347423556)",7139624406
661,"1 New York Plaza, New York City",Manhattan,"(40.7021941, -74.0120455)",42433834
666,"588 West 207th Street, New York City",Manhattan,"(40.8670351, -73.9209861)",4207641231
680,"765 Amsterdam Avenue, New York City",Manhattan,"(40.7950335, -73.96929288897707)",5669156316
681,"163 W. 97th Street, New York City",Manhattan,"(40.7945587, -73.9687567)",5669156315
682,"125 W. 97th Street, New York City",Manhattan,"(40.61548897959184, -74.03705338775511)",4206998237
683,"808 Columbus Avenue, New York City",Manhattan,"(40.7946572, -73.9666786524559)",6883962735
684,"808 Columbus Avenue, New York City",Manhattan,"(40.7946572, -73.9666786524559)",6883962735
698,"2442 Broadway, New York City",Manhattan,"(40.7909404, -73.9741523)",7004379684
700,"104 East 107th Street, New York City",Manhattan,"(40.7933995, -73.9471753)",6223478646
701,"1915 3rd Avenue, New York City",Manhattan,"(40.7912574, -73.9446799)",6216541822
702,"176 East 115th Street, New York City",Manhattan,"(40.79738245, -73.94153211731518)",7096507164
703,"216 East 120th Street, New York City",Manhattan,"(40.7998422, -73.93707525808406)",5482291246
704,"319 East 117th Street, New York City",Manhattan,"(40.79748875, -73.93616605873218)",5482291284
705,"160 East 120th Street, New York City",Manhattan,"(40.80057925, -73.93907859670554)",42443820
706,"119 West 124th Street, New York City",Manhattan,"(40.80766785, -73.94680264270762)",5266458359
707,"370 West 120th Street, New York City",Manhattan,"(40.8075684, -73.9558954)",7169900950
708,"1750 Amsterdam Avenue, New York City",Manhattan,"(40.8265979, -73.9470509)",42442628
710,"589 Amsterdam Avenue, New York City",Manhattan,"(40.789280636363635, -73.97372690909091)",42422000
711,"40 Irving Place, New York City",Manhattan,"(40.7355392, -73.9874498)",42434355
712,"1996 Amsterdam Avenue, New York City",Manhattan,"(40.8340348, -73.941405)",42438257
716,"333 West 86th Street, New York City",Manhattan,"(40.78902240587867, -73.97796817385867)",42431037
730,"529 Third Avenue, New York City",Manhattan,"(40.812824, -73.923829)",7477281986
735,"330 St. Nicholas Avenue, New York City",Manhattan,"(40.811593571428574, -73.951803)",42432931
737,"600 East 6th Street, New York City",Manhattan,"(40.723649249999994, -73.98186978011114)",42453177
738,"150 Essex Street, New York City",Manhattan,"(40.7206823, -73.9869319)",4561657052
752,"925 Broadway, New York City",Manhattan,"(40.8484382, -73.9376339)",595473330
753,"925 Broadway, New York City",Manhattan,"(40.8484382, -73.9376339)",595473330
754,"925 Broadway, New York City",Manhattan,"(40.8484382, -73.9376339)",595473330
762,"352 E 23rd Street, New York City",Manhattan,"(40.658344166666666, -73.99162080555556)",701654537
767,"401 East 20th Street, New York City",Manhattan,"(40.734824019691914, -73.97975040584122)",387184987
768,"655 6th Avenue, New York City",Manhattan,"(40.66167325, -73.98919909522992)",166878947
769,"155 5th Avenue, New York City",Manhattan,"(40.677876600000005, -73.97920030000002)",5956060042
770,"100 E 23rd Street, New York City",Manhattan,"(40.739965, -73.9862816)",42448693
771,"200 5th Avenue, New York City",Manhattan,"(40.67681175, -73.98048014110401)",5956060042
773,"167 Crosby Street, New York City",Manhattan,"(40.7258923, -73.995136)",1692433918
774,"215 West 23rd Street, New York City",Manhattan,"(40.74462025, -73.99611330245831)",4205565530
775,"140 West 23rd Street, New York City",Manhattan,"(40.7432522, -73.9943798086345)",4205565526
779,"904 Lexington Avenue, New York City",Manhattan,"(40.7677782, -73.964489)",3278932315
791,"2230 Frederick Douglass Boulevard, New York City",Manhattan,"(40.807113, -73.9531654)",4207743628
792,"2143 Adam Clayton Powell Jr. Boulevard, New York City",Manhattan,"(40.8102824, -73.94704)",2141026493
793,"2212 Frederick Douglass Boulevard, New York City",Manhattan,"(40.8063944, -73.95355636666542)",42435775
794,"505 E 120th Street, New York City",Manhattan,"(40.7978933, -73.93075807845713)",7473604339
802,"2505 Adam Clayton Powell Jr. Boulevard, New York City",Manhattan,"(40.82173795, -73.93852080280854)",4205440421
803,"1330 5th Avenue, New York City",Manhattan,"(40.7977313, -73.9491672)",6217820603
804,"801 & 807 West 181st Street, New York City",Manhattan,"(40.851029, -73.938398)",42427190
806,"111 W 110th Street, New York City",Manhattan,"(40.7986055, -73.9527915)",1203883805
810,"4988 & 4990 Broadway, New York City",Manhattan,"(40.8484382, -73.9376339)",595473330
811,"1658 Amsterdam Avenue, New York City",Manhattan,"(40.8235504, -73.9490856)",42438292
812,"201 W 72nd Street, New York City",Manhattan,"(40.7791445, -73.9824341)",5115907034
828,"1486 1st Avenue, New York City",Manhattan,"(40.7491699, -73.9695067)",6162215869
832,"2nd Avenue between E90th & E91st
Street, New York City",Manhattan,"(40.780839, -73.949743)",7132406701
841,"204 E 23rd Street, New York City",Manhattan,"(40.738369899999995, -73.98272718589831)",5266429277
842,"54 Nagle Avenue, New York City",Manhattan,"(40.8600518, -73.9294168)",7016431217
843,"3754 10th Avenue, New York City",Manhattan,"(40.8609327, -73.9220908)",42445644
844,"2003 Amsterdam Avenue, New York City",Manhattan,"(40.8341732, -73.9408535)",42438257
845,"250 W65th Street, New York City",Manhattan,"(40.774695, -73.986728)",5481869414
846,"530 W 55th Street, New York City",Manhattan,"(40.76797795, -73.99098732812377)",5481877869
847,"25 Carmine Street, New York City",Manhattan,"(40.730508900000004, -74.00282391080486)",42431773
850,"143 St Nicholas Avenue, New York City",Manhattan,"(40.7050269, -73.9171298)",3630219671
872,"1347 St Nicholas Avenue, New York City",Manhattan,"(40.8470352, -73.935629)",5403873777
873,"120 W 140th Street, New York City",Manhattan,"(40.8176007, -73.9401375)",5378686567
874,"4799 Broadway, New York City",Manhattan,"(40.8484382, -73.9376339)",595473330
875,"233 Dyckman Street, New York City",Manhattan,"(40.8661241, -73.9277122)",1209512055
876,"5030 Broadway, New York City",Manhattan,"(40.8689682, -73.9170558)",42429234
896,"518 West 125 Street, New York City",Manhattan,"(40.813993, -73.956925)",4207752456
963,"506 Lenox Avenue, New York City",Manhattan,"(40.814705950000004, -73.93928034602104)",4205440402
964,"2611 Frederick Douglas Boulevard, New York City",Manhattan,"(40.819488, -73.944606)",5378420476
965,"317 E. 34th Street, New York City",Manhattan,"(40.7446187, -73.974921)",4259273043
970,"1450 Madison Avenue, New York City",Manhattan,"(40.7894903, -73.95287354032763)",6254630413
971,"312 East 94th Street, New York City",Manhattan,"(40.7824428, -73.9471152)",6223611863
978,"120 W 106th Street, New York City",Manhattan,"(40.7994222, -73.96401571632931)",42421737
979,"140 W 106th Street, New York City",Manhattan,"(40.799818849999994, -73.96478540222031)",42421741
980,"1111 Amsterdam Avenue, New York City",Manhattan,"(40.80506735, -73.96151159482741)",1506445711
1014,"742 10th Avenue, New York City",Manhattan,"(40.764938799999996, -73.99122220084857)",42454042
1015,"40 West 20th Street, New York City",Manhattan,"(40.740475, -73.99334649995434)",42427371
1016,"2900 Broadway, New York City",Manhattan,"(40.806112150000004, -73.96471536109439)",7004385799
1017,"444 Amsterdam Avenue, New York City",Manhattan,"(40.784866199999996, -73.97747189773972)",6207264910
1018,"535 West 179th Street, New York City",Manhattan,"(40.8478812, -73.9338507079605)",5403873771
1019,"112 East 96th Street, New York City",Manhattan,"(40.785984549999995, -73.95178873100001)",7578467970
1020,"224 East 125th Street, New York City",Manhattan,"(40.803018449999996, -73.9348516)",5161751673
1021,"104 West 136th Street, New York City",Manhattan,"(40.81484215, -73.94114315559167)",4205440399
1022,"630 Academy Street, New York City",Manhattan,"(40.865539866666666, -73.92461773333333)",42437921
1030,"175 Clinton Street, New York City",Manhattan,"(40.7156571, -73.9871261)",7465349817
1064,"270 Greenwich Street, New York City",Manhattan,"(40.7156112, -74.0117376)",5812723033
1095,"Varick Street between Watts Street &
Broome Street, New York City",Manhattan,"(40.724082, -74.006416)",4139510039
1096,"Varick Street between Watts Street &
Broome Street, New York City",Manhattan,"(40.724082, -74.006416)",4139510039
1097,"Hudson Street between Canal Street &
Broome Street, New York City",Manhattan,"(40.724262, -74.007545)",4602429326
1098,"Hudson Street between Canal Street &
Broome Street, New York City",Manhattan,"(40.724262, -74.007545)",4602429326
1121,"251 Dyckman Street, New York City",Manhattan,"(40.8665532, -73.9282148)",5490791421
1131,"Division Street between Market &
Forsyth Street, New York City",Manhattan,"(40.714231, -73.994227)",6369613300
1132,"Division Street between Market &
Forsyth Street, New York City",Manhattan,"(40.714231, -73.994227)",6369613300
1152,"95 Nagle Avenue, New York City",Manhattan,"(40.860354, -73.92787133333333)",42443522
1153,"185 Wadsworth Avenue, New York City",Manhattan,"(40.8505179, -73.93397233015085)",42449639
1154,"586 W 177th Street, New York City",Manhattan,"(40.846085, -73.93540295399278)",5403873781
1162,"116 West 11th Street, New York City",Manhattan,"(40.7357033, -73.9992718)",42430247
1163,"610 East 12th Street, New York City",Manhattan,"(40.72763415, -73.97843592695241)",4502505659
1164,"440 West 53rd Street, New York City",Manhattan,"(40.765812600000004, -73.98938811404098)",6534229347
1165,"2005 Madison Avenue, New York City",Manhattan,"(40.8069766, -73.93861144899485)",589928041
1166,"219 East 109th Street, New York City",Manhattan,"(40.7932116, -73.9420644195003)",6918710133
1170,"499 West 133rd Street, New York City",Manhattan,"(40.81769235, -73.952494)",5539546683
1171,"222 West 134th Street, New York City",Manhattan,"(40.8149449, -73.94547102226522)",5401664201
1172,"250 W 127th Street, New York City",Manhattan,"(40.810538199999996, -73.94854955780184)",5481907291
1173,"123 Morningside Drive, New York City",Manhattan,"(40.8106655, -73.9574934)",6791440548
1174,"1615 Madison Avenue, New York City",Manhattan,"(40.795029650000004, -73.94769675252839)",6256723748
1175,"41 West 117th Street, New York City",Manhattan,"(40.8024364, -73.9482911)",7004411490
1176,"20 West 112th Street, New York City",Manhattan,"(40.79843, -73.9493988)",6223478819
1194,"1652 Amsterdam Avenue, New York City",Manhattan,"(40.823278200000004, -73.9494229018792)",42438292
1202,"735 West End Avenue, New York City",Manhattan,"(40.7951176, -73.97378314548189)",4205805397
1212,"1700 3rd Avenue, New York City",Manhattan,"(40.7851696, -73.9499962)",7058672149
1213,"419 East 66th Street, New York City",Manhattan,"(40.763753699999995, -73.95775921169535)",42447237
1257,"1365 Saint Nicholas Avenue, New York City",Manhattan,"(40.8478974, -73.9349946)",595473201
1260,"205 East 59th Street, New York City",Manhattan,"(40.7615473, -73.9661619)",6186989597
1299,"4650 Broadway, New York City",Manhattan,"(40.8484382, -73.9376339)",595473330
1300,"4600 Broadway, New York City",Manhattan,"(40.86093735, -73.93006017519886)",42449442
1301,"4306 Broadway, New York City",Manhattan,"(40.8515945, -73.9347991)",5549743261
1302,"1422 St. Nicholas Avenue, New York City",Manhattan,"(40.8494627, -73.9334026)",5403873761
1303,"648 & 650 West 181st Street, New York City",Manhattan,"(40.849862, -73.93524483333333)",4215760965
1304,"1326 & 1328 St. Nicholas Avenue, New York City",Manhattan,"(40.84630833333333, -73.93580466666667)",5403873779
1310,"288 Delancey Street, New York City",Manhattan,"(40.7165947, -73.9794144)",7115850096
1311,"525 East Houston Street, New York City",Manhattan,"(40.7184781, -73.97618988118472)",5174909926
1312,"273 Bowery, New York City",Manhattan,"(40.723484363636366, -73.99273209090909)",4202950103
1313,"1204 St. Nicholas Avenue, New York City",Manhattan,"(40.8424511, -73.9385155)",2499757466
1314,"465 West 167th Street, New York City",Manhattan,"(40.839031, -73.9367133)",6836035571
1315,"3959 Broadway, New York City",Manhattan,"(40.83975585, -73.94144801487107)",42428973
1316,"3864 Broadway, New York City",Manhattan,"(40.8366451, -73.9426707)",561035376
1317,"3635 Broadway, New York City",Manhattan,"(40.8294639, -73.9485652)",42428944
1318,"3584 Broadway, New York City",Manhattan,"(40.8278486, -73.9490788)",561035363
1324,"3240 Broadway, New York City",Manhattan,"(40.8168083, -73.9569959)",6198320765
1325,"3150 Broadway, New York City",Manhattan,"(40.813886499999995, -73.95878071529928)",7598688541
1326,"1315 Amsterdam Avenue, New York City",Manhattan,"(40.8124355, -73.95629600805594)",6993051347
1327,"1315 Amsterdam Avenue, New York City",Manhattan,"(40.8124355, -73.95629600805594)",6993051347
1328,"2494 Frederick Douglass Boulevard, New York City",Manhattan,"(40.81531475, -73.94705779543477)",42434113
1329,"2230 5th Avenue, New York City",Manhattan,"(40.813302199999995, -73.93783035000001)",2328595430
1330,"35 E. 125th Street, New York City",Manhattan,"(40.806144700000004, -73.94089974978604)",4207752449
1331,"451 E. 116th Street, New York City",Manhattan,"(40.7953466, -73.9334421)",6216836416
1332,"1395 & 1397 3rd Avenue, New York City",Manhattan,"(40.774455, -73.95704566666667)",42450015
1334,"2541 Adam Clayton Powell Boulevard, New York City",Manhattan,"(40.823554, -73.937335)",2141026548
1335,"170 Central Park West, New York City",Manhattan,"(40.7792489, -73.97430375753298)",7104620795
1336,"100 W. 72nd Street, New York City",Manhattan,"(40.7773669, -73.9790823)",42443336
1337,"20 Lincoln Center Plaza, New York City",Manhattan,"(40.772293, -73.984)",6469210523
1338,"St. Catherine's Park, New York City",Manhattan,"(40.76521615, -73.95874790496603)",6670244862
1339,"1373 3rd Avenue, New York City",Manhattan,"(40.77379536363637, -73.95752672727274)",42436919
1341,"921 Lexington Avenue, New York City",Manhattan,"(40.7676487, -73.9640538)",3278932316
1342,"841 Broadway, New York City",Manhattan,"(40.7342936, -73.991043)",4762558057
1343,"202 W. 23rd Street, New York City",Manhattan,"(40.7440388, -73.9959159)",42437890
1344,"330 Hudson Street, New York City",Manhattan,"(40.72697097562124, -74.00726641549322)",42436364
1345,"721 Broadway, New York City",Manhattan,"(40.7294608, -73.9935691)",4755898682
1346,"721 Broadway, New York City",Manhattan,"(40.7294608, -73.9935691)",4755898682
1347,"7 E. 7th Street, New York City",Manhattan,"(40.728892571428574, -73.99004928571429)",42434196
1358,"250 1st Avenue, New York City",Manhattan,"(40.731747, -73.9816901)",7144880468
1359,"2266 & 2268 1st Avenue, New York City",Manhattan,"(40.7491699, -73.9695067)",6162215869
1360,"2266 & 2268 1st Avenue, New York City",Manhattan,"(40.7491699, -73.9695067)",6162215869
1361,"703 Columbus Avenue, New York City",Manhattan,"(40.7763737, -73.9795719)",4207884929
1362,"703 Columbus Avenue, New York City",Manhattan,"(40.7763737, -73.9795719)",4207884929
1363,"703 Columbus Avenue, New York City",Manhattan,"(40.7763737, -73.9795719)",4207884929
1365,"3740 Broadway, New York City",Manhattan,"(40.8329495, -73.9453543)",561035370
1367,"65 5th Avenue, New York City",Manhattan,"(40.68060895, -73.9772910420412)",5956060042
1369,"Washington Market Park, New York City",Manhattan,"(40.7171769, -74.01131381547653)",4574685153
1372,"449 West 14th Street, New York City",Manhattan,"(40.7422461, -74.00720217455734)",2823833430
1373,"118 Avenue D, New York City",Manhattan,"(40.72383635, -73.97538826932113)",4301088403
1374,"90 Avenue D, New York City",Manhattan,"(40.7229042, -73.97598526788781)",4301088436
1376,"393 Lafayette Street, New York City",Manhattan,"(40.7279746, -73.9928325)",5784518537
1377,"80 5th Avenue, New York City",Manhattan,"(40.7358709, -73.9939317)",42440710
1378,"83 University Place, New York City",Manhattan,"(40.733444399999996, -73.9930724)",42455026
1379,"215 Centre Street, New York City",Manhattan,"(40.7194172, -73.9990481)",42427322
1382,"4712 Broadway, New York City",Manhattan,"(40.8644384, -73.9289118)",1209576642
1384,"Holcombe Rucker Park, New York City",Manhattan,"(40.829248, -73.936084)",2140984897
1386,"357 East 57th Street, New York City",Manhattan,"(40.7586119, -73.963244)",6263094844
1396,"431 West 204th Street, New York City",Manhattan,"(40.86212420408163, -73.91902006122449)",42445051
1407,"225 Park Row, New York City",Manhattan,"(40.7132119, -73.9987642)",4158810017
1410,"4781 Broadway, New York City",Manhattan,"(40.8660234, -73.9263458)",42429216
1412,"1311 St. Nicholas Avenue, New York City",Manhattan,"(40.8459067, -73.9364536)",7604384201
1413,"180 Park Row, New York City",Manhattan,"(40.713616200000004, -73.9995733272708)",7477038791
1419,"1313 St Nicholas Avenue, New York City",Manhattan,"(40.8459878, -73.9363993)",7604384201
1420,"770 W 181st Street, New York City",Manhattan,"(40.8507172, -73.9381473)",42427190
1421,"1275 York Ave, New York City",Manhattan,"(40.76445335, -73.95694407847097)",6670244843
1422,"417 E 67th Street, New York City",Manhattan,"(40.76449348979592, -73.95780697959184)",42437451
1428,"10 Union Square East, New York City",Manhattan,"(40.734864, -73.9897882)",4205565498
1430,"1802 Amsterdam Avenue, New York City",Manhattan,"(40.8280539, -73.94588936261376)",42434340
1432,"1573 Madison Avenue, New York City",Manhattan,"(40.7937647, -73.94846361940029)",6256723701
1440,"W 155th Street & Edgecombe Avenue, New York City",Manhattan,"(40.830368, -73.939648)",42439802
1449,"550 1st Avenue, New York City",Manhattan,"(40.74207345000001, -73.97433663105951)",6716668059
1456,"61 E 106th Street, New York City",Manhattan,"(40.7931310625, -73.94860244791667)",6254651546
1490,"1 E 86th Street, New York City",Manhattan,"(40.781544, -73.960221)",3809521028
1491,"689 Columbus Avenue, New York City",Manhattan,"(40.7910736, -73.9685344)",3718670415
1509,"340 Haven Avenue, New York City",Manhattan,"(40.85076758064516, -73.94184561290322)",60929091
1512,"306 Fort Washington Avenue, New York City",Manhattan,"(40.84550725, -73.94009470674837)",7604384508
1513,"560 169th Street, New York City",Manhattan,"(40.7729468, -73.7956319)",5105109969
1534,"34 W. 118th Street, New York City",Manhattan,"(40.803013, -73.9482546)",7004372907
1535,"197 East Broadway, New York City",Manhattan,"(40.714085, -73.9884117)",42433550
1536,"38 Delancey Street, New York City",Manhattan,"(40.7199324, -73.9918334)",5159452352
1537,"166 Essex Street, New York City",Manhattan,"(40.72151955, -73.98616710510933)",4598752844
1538,"185 1st Avenue, New York City",Manhattan,"(40.729879350000004, -73.98442462406862)",3834459533
1539,"776 6th Avenue, New York City",Manhattan,"(40.7452192, -73.9908474)",42430279
1541,"4140 Broadway, New York City",Manhattan,"(40.846348, -73.9382109)",7604384311
1542,"4140 Broadway, New York City",Manhattan,"(40.846348, -73.9382109)",7604384311
1543,"4140 Broadway, New York City",Manhattan,"(40.846348, -73.9382109)",7604384311
1544,"4140 Broadway, New York City",Manhattan,"(40.846348, -73.9382109)",7604384311
1545,"4140 Broadway, New York City",Manhattan,"(40.846348, -73.9382109)",7604384311
1546,"4140 Broadway, New York City",Manhattan,"(40.846348, -73.9382109)",7604384311
1547,"4140 Broadway, New York City",Manhattan,"(40.846348, -73.9382109)",7604384311
1548,"4140 Broadway, New York City",Manhattan,"(40.846348, -73.9382109)",7604384311
1549,"4140 Broadway, New York City",Manhattan,"(40.846348, -73.9382109)",7604384311
1550,"4140 Broadway, New York City",Manhattan,"(40.846348, -73.9382109)",7604384311
1552,"230 Grand Street, New York City",Manhattan,"(40.7186498, -73.9949875)",5805243785
1553,"199 Chambers Street, New York City",Manhattan,"(40.7172487, -74.0121804)",1412696734
1554,"885 Columbus Avenue, New York City",Manhattan,"(40.7973557, -73.9637562)",7571274563
1555,"225 W 99th Street, New York City",Manhattan,"(40.79633975, -73.96910278615664)",6207264925
1564,"423 E 23rd Street, New York City",Manhattan,"(40.73707015, -73.97689809524734)",5356791600
1565,"345 E 101st Street, New York City",Manhattan,"(40.78673, -73.942672)",6190264208
1566,"440 E 116th Street, New York City",Manhattan,"(40.795533488474334, -73.934515612134)",5482321447
1575,"510 W 145th Street, New York City",Manhattan,"(40.82540565, -73.9487212)",42434262
1576,"475 W 155th Street, New York City",Manhattan,"(40.831546, -73.9424038)",42442651
1577,"669 Lenox Avenue, New York City",Manhattan,"(40.819649850000005, -73.93729227329364)",4207863941
1578,"2289 5th Avenue, New York City",Manhattan,"(40.8149008, -73.9357808)",5378686575
1579,"110 W 146th Street, New York City",Manhattan,"(40.8212046122449, -73.93620091836735)",5478861082
1588,"1420 St Nicholas Avenue, New York City",Manhattan,"(40.849032, -73.9337162)",5403858700
1589,"1420 St Nicholas Avenue, New York City",Manhattan,"(40.849032, -73.9337162)",5403858700
1622,"1795 Lexington Avenue, New York City",Manhattan,"(40.7956936, -73.94348833748006)",7096519006
1656,"247 3rd Avenue, New York City",Manhattan,"(40.7370451, -73.9840955)",4132605204
1659,"23 Chambers Street, New York City",Manhattan,"(40.71340747058823, -74.00445458823529)",6152111541
1694,"1989 Amsterdam Avenue, New York City",Manhattan,"(40.83367655, -73.94108845225965)",42442659
1695,"3542 Broadway, New York City",Manhattan,"(40.8484382, -73.9376339)",595473330
1696,"185 E 126th Street, New York City",Manhattan,"(40.80464175, -73.93574525)",42434131
1697,"2059 Adam Clayton Powell Jr. Blvd, New York City",Manhattan,"(40.80746, -73.9491088)",2141026538
1698,"2027 Adam Clayton Powell Jr. Blvd, New York City",Manhattan,"(40.8065824, -73.9497363)",2141026510
1754,"1539 St. Nicholas Avenue, New York City",Manhattan,"(40.852995, -73.9312656)",5403868149
1755,"3575 Broadway, New York City",Manhattan,"(40.8276573, -73.9498778)",42428936
1756,"3906 Broadway, New York City",Manhattan,"(40.837889, -73.9417509)",561035378
1757,"600 W. 181st Street, New York City",Manhattan,"(40.849309, -73.933926)",5403873760
1758,"4239 Broadway, New York City",Manhattan,"(40.8493427, -73.9368721)",42429023
1759,"111 Wadsworth Avenue, New York City",Manhattan,"(40.8481368, -73.9359909)",595473148
1760,"1471 St. Nicholas Avenue, New York City",Manhattan,"(40.8509989, -73.9327273)",5403873747
1762,"1602 St. Nicholas Avenue, New York City",Manhattan,"(40.855039, -73.9293166)",5403868140
1763,"4180 Broadway, New York City",Manhattan,"(40.847905, -73.9376831)",42429013
1764,"618 W. 177th Street, New York City",Manhattan,"(40.8470868, -73.9367343)",42449631
1765,"289 Columbus Avenue, New York City",Manhattan,"(40.7784303, -73.9778128)",3341849126
1766,"440 Amsterdam Avenue, New York City",Manhattan,"(40.7846357, -73.9774823)",6207264910
1767,"1970 Amsterdam Avenue, New York City",Manhattan,"(40.8333095, -73.9420282)",42442659
1768,"1949 Amsterdam Avenue, New York City",Manhattan,"(40.8325681, -73.9419398)",42442656
1769,"1983 Amsterdam Avenue, New York City",Manhattan,"(40.83360066666666, -73.94136955555555)",42442659
1770,"1865 Amsterdam Avenue, New York City",Manhattan,"(40.8297178, -73.9440995)",42442642
1776,"158 Columbus Avenue, New York City",Manhattan,"(40.774375, -73.98113)",4557495130
1777,"144 Columbus Avenue, New York City",Manhattan,"(40.77407135714286, -73.9813522857143)",6173564345
1778,"953 Columbus Avenue, New York City",Manhattan,"(40.7996425, -73.96223298003244)",3718670405
1783,"620 Fort Washington Avenue, New York City",Manhattan,"(40.8554067, -73.9366207)",5883533037
1793,"158 E 115th Street, New York City",Manhattan,"(40.79761115, -73.94178672164708)",7096507164
1794,"245 E. 80th Street, New York City",Manhattan,"(40.7742277, -73.9547887)",42438506
1795,"1479 3rd Avenue, New York City",Manhattan,"(40.7772371, -73.9549131)",42435514
1796,"1681 1st Avenue, New York City",Manhattan,"(40.7777449, -73.9490289)",6263083529
1857,"162 Bowery, New York City",Manhattan,"(40.72009015, -73.99451425469812)",6902711854
1858,"162 Bowery, New York City",Manhattan,"(40.72009015, -73.99451425469812)",6902711854
1859,"200 Centre Street, New York City",Manhattan,"(40.719057875000004, -73.9989895)",42427322
1860,"234 Canal Street, New York City",Manhattan,"(40.7175745, -73.9998835)",42427311
1861,"Manhattan Bridge approach, New York City",Manhattan,"(40.707767, -73.990772)",42444129
1862,"Manhattan Bridge approach, New York City",Manhattan,"(40.707767, -73.990772)",42444129
1863,"Manhattan Bridge approach, New York City",Manhattan,"(40.707767, -73.990772)",42444129
1864,"Manhattan Bridge approach, New York City",Manhattan,"(40.707767, -73.990772)",42444129
1880,"1952 2nd Avenue, New York City",Manhattan,"(40.78698405, -73.94468865158427)",7132831134
1881,"1924 2nd Avenue, New York City",Manhattan,"(40.7862742, -73.94526115307521)",6181708480
1882,"1900 2nd Avenue, New York City",Manhattan,"(40.7854096, -73.9458364)",6181709411
1883,"1748 2nd Avenue, New York City",Manhattan,"(40.7810928, -73.9491779)",6214889039
1884,"1704 2nd Avenue, New York City",Manhattan,"(40.7793135, -73.95032174564167)",7134855797
1885,"1690 2nd Avenue, New York City",Manhattan,"(40.7786489, -73.9508546)",7134855810
1886,"303 E 83rd Street, New York City",Manhattan,"(40.625719979591835, -74.02991393877551)",4206998237
1887,"1446 2nd Avenue, New York City",Manhattan,"(40.7709159, -73.9566299)",6176390171
1888,"1396 2nd Avenue, New York City",Manhattan,"(40.7688866, -73.958037)",4207313512
1889,"1328 2nd Avenue, New York City",Manhattan,"(40.7677329, -73.9589179)",7064022528
1890,"1310 2nd Avenue, New York City",Manhattan,"(40.7667014, -73.9596779)",6176390173
1891,"300 E 68th Street, New York City",Manhattan,"(40.7660283, -73.9600655)",6670244879
1892,"1955 2nd Avenue, New York City",Manhattan,"(40.7873345, -73.94546795863602)",3519874162
1893,"1955 2nd Avenue, New York City",Manhattan,"(40.7873345, -73.94546795863602)",3519874162
1894,"1879 2nd Avenue, New York City",Manhattan,"(40.749529, -73.9724222)",6139477278
1895,"245 E 93rd Street, New York City",Manhattan,"(40.7827156, -73.9484523)",6181480051
1896,"245 E 92nd Street, New York City",Manhattan,"(40.7818565, -73.9491014)",6185259906
1897,"1659 2nd Avenue, New York City",Manhattan,"(40.7782295, -73.9517083)",6139477295
1898,"1617 2nd Avenue, New York City",Manhattan,"(40.749529, -73.9724222)",6139477278
1899,"1603 2nd Avenue, New York City",Manhattan,"(40.7761403, -73.9532229)",42443032
1900,"1399 2nd Avenue, New York City",Manhattan,"(40.769443, -73.958137)",3382948111
1901,"259 E 72nd Street, New York City",Manhattan,"(40.7690141, -73.958456)",4207313513
1902,"260 E 72nd Street, New York City",Manhattan,"(40.7687631, -73.9587039)",4207313511
1912,"308 E. 109th Street, New York City",Manhattan,"(40.7922068, -73.94067849612146)",6918710130
1913,"308 E. 109th Street, New York City",Manhattan,"(40.7922068, -73.94067849612146)",6918710130
1921,"1299 1st Avenue, New York City",Manhattan,"(40.7664668, -73.9571909)",6670244849
1922,"1208 1st Avenue, New York City",Manhattan,"(40.763842, -73.958766)",42447237
1923,"407 E 59th Street, New York City",Manhattan,"(40.75918297979798, -73.9607217070707)",5120300515
1924,"1295 5th Avenue, New York City",Manhattan,"(40.796832, -73.9485767)",6961065599
1925,"185 E 115th Street, New York City",Manhattan,"(40.797632050000004, -73.94096335937058)",4983782408
1926,"410 E 106th Street, New York City",Manhattan,"(40.7892489, -73.9398139)",6268628340
1944,"1175 3rd Avenue, New York City",Manhattan,"(40.7673011, -73.9621657)",6670248391
1945,"1100 2nd Avenue, New York City",Manhattan,"(40.7595981, -73.964847)",6188803951
1946,"1065 2nd Avenue, New York City",Manhattan,"(40.749529, -73.9724222)",6139477278
1947,"10 Lincoln Center Plaza, New York City",Manhattan,"(40.772838, -73.983241)",3371135656
1949,"540 Amsterdam Avenue, New York City",Manhattan,"(40.7881307, -73.9749545)",6207264911
1950,"509 Amsterdam Avenue, New York City",Manhattan,"(40.78659605, -73.97543040462799)",42442475
1951,"621 Amsterdam Avenue, New York City",Manhattan,"(40.79002716666666, -73.97318133333333)",42437052
1965,"393 E 10th Street, New York City",Manhattan,"(40.7260567, -73.9777383)",42430938
1966,"500 E 63rd Street, New York City",Manhattan,"(40.7609167, -73.957725)",4918486798
1967,"2394 Adam Clayton Powell Jr Blvd, New York City",Manhattan,"(40.8184016, -73.9417655)",5378420478
1975,"409 E 14th Street, New York City",Manhattan,"(40.6633214375, -73.98272006250001)",5956060042
1978,"298 E 91st Street, New York City",Manhattan,"(40.619962, -74.032661)",4206998237
1980,"103 W 96th Street, New York City",Manhattan,"(40.7932026, -73.9678437)",7061136330
1984,"1190 York Avenue, New York City",Manhattan,"(40.761857, -73.957268)",4649002713
1985,"403 East 34th Street, New York City",Manhattan,"(40.7434467, -73.9722189)",4290989488
2003,"555 10th Avenue, New York City",Manhattan,"(40.759129, -73.995959)",5851709100
2004,"1456 First Avenue, New York City",Manhattan,"(42.8021386, -73.9528461)",42735471
2005,"1313 Third Avenue, New York City",Manhattan,"(40.812824, -73.923829)",7477281986
2015,"660 Columbus Avenue, New York City",Manhattan,"(40.7905141, -73.9695116)",4215936664
2023,"298 First Avenue, New York City",Manhattan,"(40.733484, -73.980689)",4298764914
2044,"301 Henry Street, New York City",Manhattan,"(40.7142471, -73.98271541760576)",7499128116
2045,"43 Columbia Street, New York City",Manhattan,"(40.7166, -73.980615)",5174909935
2049,"1900 Lexington Avenue, New York City",Manhattan,"(40.8002606, -73.9407062)",42439489
2055,"169 Thompson Street, New York City",Manhattan,"(40.7276892, -74.0004432)",5829827199
2059,"183 Seventh Avenue, New York City",Manhattan,"(40.742792, -73.996511)",42439836
2062,"458 West 155th Street, New York City",Manhattan,"(40.831087875, -73.94206062500001)",42432985
2066,"460 West 155th Street, New York City",Manhattan,"(40.8309862, -73.94222637923403)",42432985
2068,"2401 Broadway, New York City",Manhattan,"(40.7898813, -73.9755907)",42428682
2069,"179 Henry Street, New York City",Manhattan,"(40.7136361, -73.9882488)",42435925
2089,"276 Avenue C, New York City",Manhattan,"(40.7300519, -73.9743217)",1989931107
2103,"566 10th Avenue, New York City",Manhattan,"(40.75934813043478, -73.99555295652173)",42437371
2109,"328 East 67th Street, New York City",Manhattan,"(40.63741185714286, -74.02437499999999)",701654214
2119,"123 East 86th Street, New York City",Manhattan,"(40.7799737, -73.95594939361123)",42429334
2120,"123 East 86th Street, New York City",Manhattan,"(40.7799737, -73.95594939361123)",42429334
2121,"144 East 86th Street, New York City",Manhattan,"(40.7791322, -73.9552248)",5402547523
2122,"144 East 86th Street, New York City",Manhattan,"(40.7791322, -73.9552248)",5402547523
2123,"173 East 86th Street, New York City",Manhattan,"(40.7791237, -73.9542932)",42429338
2124,"173 East 86th Street, New York City",Manhattan,"(40.7791237, -73.9542932)",42429338
2125,"173 East 86th Street, New York City",Manhattan,"(40.7791237, -73.9542932)",42429338
2126,"250 West 61st Street, New York City",Manhattan,"(40.7730379, -73.988928)",3371304372
2127,"401 East 20th Street, New York City",Manhattan,"(40.734824019691914, -73.97975040584122)",387184987
2128,"503 E 20th Street, New York City",Manhattan,"(40.73403935714286, -73.9774955)",4298764923
2129,"1090 Amsterdam Avenue, New York City",Manhattan,"(40.8051825, -73.9624806)",7326861792
2152,"300 East 60th Street, New York City",Manhattan,"(40.641779, -74.020063)",701654214
